Libro;Publisher;DOI;Proprietary Identifier;ISBN;ISSN;01-2019;02-2019;03-2019;Archivo;Usuario;Recurso
11,th, International Symposium on Process Systems Engineering;Elsevier;; ;978-0-444-59505-8;1570-7946;0;0;2;CONCYTEC_BOOKS_BR2_SCIENCEDIRECT_03_2019.csv;Institucion;Libro
150 Problemas de ECG  (Tercera Edición);Elsevier;; ;978-84-8086-474-9;;0;0;1;CONCYTEC_BOOKS_BR2_SCIENCEDIRECT_03_2019.csv;Institucion;Libro
A Comprehensive Guide to Solar Energy Systems;Elsevier;; ;978-0-12-811479-7;;0;0;2;CONCYTEC_BOOKS_BR2_SCIENCEDIRECT_03_2019.csv;Institucion;Libro
Accelerating MATLAB with GPU Computing;Elsevier;; ;978-0-12-408080-5;;1;0;0;CONCYTEC_BOOKS_BR2_SCIENCEDIRECT_03_2019.csv;Institucion;Libro
Accurate Results in the Clinical Laboratory;Elsevier;; ;978-0-12-415783-5;;0;0;1;CONCYTEC_BOOKS_BR2_SCIENCEDIRECT_03_2019.csv;Institucion;Libro
Actuaries' Survival Guide (Second Edition);Elsevier;; ;978-0-12-386943-2;;0;1;0;CONCYTEC_BOOKS_BR2_SCIENCEDIRECT_03_2019.csv;Institucion;Libro
Acupuncture in Manual Therapy;Elsevier;; ;978-0-443-06782-2;;0;1;0;CONCYTEC_BOOKS_BR2_SCIENCEDIRECT_03_2019.csv;Institucion;Libro
Adolescent Brain Development;Elsevier;; ;978-0-12-397916-2;;0;6;0;CONCYTEC_BOOKS_BR2_SCIENCEDIRECT_03_2019.csv;Institucion;Libro
Adsorption by Powders and Porous Solids (Second Edition);Elsevier;; ;978-0-08-097035-6;;0;0;1;CONCYTEC_BOOKS_BR2_SCIENCEDIRECT_03_2019.csv;Institucion;Libro
Advanced Industrial Control Technology;William Andrew Publishing;; ;978-1-4377-7807-6;;19;0;2;CONCYTEC_BOOKS_BR2_SCIENCEDIRECT_03_2019.csv;Institucion;Libro
Advanced Materials Science and Engineering of Carbon;Elsevier;; ;978-0-12-407789-8;;1;0;0;CONCYTEC_BOOKS_BR2_SCIENCEDIRECT_03_2019.csv;Institucion;Libro
Advanced Remote Sensing;Elsevier;; ;978-0-12-385954-9;;0;2;60;CONCYTEC_BOOKS_BR2_SCIENCEDIRECT_03_2019.csv;Institucion;Libro
Advanced Topics in Forensic DNA Typing: Methodology;Elsevier;; ;978-0-12-374513-2;;0;0;5;CONCYTEC_BOOKS_BR2_SCIENCEDIRECT_03_2019.csv;Institucion;Libro
Advances in Molecular Toxicology;Elsevier;; ;978-0-444-59389-4;1872-0854;0;0;1;CONCYTEC_BOOKS_BR2_SCIENCEDIRECT_03_2019.csv;Institucion;Libro
Advances in Nanomedicine for the Delivery of Therapeutic Nucleic Acids;Woodhead Publishing;; ;978-0-08-100557-6;;4;0;0;CONCYTEC_BOOKS_BR2_SCIENCEDIRECT_03_2019.csv;Institucion;Libro
Advances in Rice Research for Abiotic Stress Tolerance;Woodhead Publishing;; ;978-0-12-814332-2;;0;27;0;CONCYTEC_BOOKS_BR2_SCIENCEDIRECT_03_2019.csv;Institucion;Libro
Advances in Tuna Aquaculture;Elsevier;; ;978-0-12-411459-3;;0;1;0;CONCYTEC_BOOKS_BR2_SCIENCEDIRECT_03_2019.csv;Institucion;Libro
Agile Data Warehousing Project Management;Elsevier;; ;978-0-12-396463-2;;0;9;11;CONCYTEC_BOOKS_BR2_SCIENCEDIRECT_03_2019.csv;Institucion;Libro
Agile Energy Systems (Second Edition);Elsevier;; ;978-0-08-101760-9;;0;11;0;CONCYTEC_BOOKS_BR2_SCIENCEDIRECT_03_2019.csv;Institucion;Libro
Agile Software Architecture;Elsevier;; ;978-0-12-407772-0;;0;0;16;CONCYTEC_BOOKS_BR2_SCIENCEDIRECT_03_2019.csv;Institucion;Libro
Agricultural Development: Farmers, Farm Production and Farm Markets;Elsevier;; ;978-0-444-51873-6;1574-0072;0;2;0;CONCYTEC_BOOKS_BR2_SCIENCEDIRECT_03_2019.csv;Institucion;Libro
Agro-Industrial Wastes as Feedstock for Enzyme Production;Elsevier;; ;978-0-12-802392-1;;0;1;0;CONCYTEC_BOOKS_BR2_SCIENCEDIRECT_03_2019.csv;Institucion;Libro
Alergia e Inmunologí. Secretos  (Segunda Edición);Elsevier;; ;978-84-8174-884-0;;0;3;0;CONCYTEC_BOOKS_BR2_SCIENCEDIRECT_03_2019.csv;Institucion;Libro
Amazonite;Elsevier;; ;978-0-12-803721-8;;0;4;0;CONCYTEC_BOOKS_BR2_SCIENCEDIRECT_03_2019.csv;Institucion;Libro
Ambiente Bentônico;Elsevier;; ;978-85-352-7263-5;;0;10;20;CONCYTEC_BOOKS_BR2_SCIENCEDIRECT_03_2019.csv;Institucion;Libro
Ambiente Pelágico;Elsevier;; ;978-85-352-7276-5;;0;10;0;CONCYTEC_BOOKS_BR2_SCIENCEDIRECT_03_2019.csv;Institucion;Libro
Analysis in Nutrition Research;Elsevier;; ;978-0-12-814556-2;;0;0;1;CONCYTEC_BOOKS_BR2_SCIENCEDIRECT_03_2019.csv;Institucion;Libro
Analytical Methods for Agricultural Contaminants;Elsevier;; ;978-0-12-815940-8;;0;2;0;CONCYTEC_BOOKS_BR2_SCIENCEDIRECT_03_2019.csv;Institucion;Libro
Anatomy of Dolphins;Elsevier;; ;978-0-12-407229-9;;0;11;0;CONCYTEC_BOOKS_BR2_SCIENCEDIRECT_03_2019.csv;Institucion;Libro
Anestesia. Secretos  (Tercera Edición);Elsevier;; ;978-84-8174-941-0;;0;0;1;CONCYTEC_BOOKS_BR2_SCIENCEDIRECT_03_2019.csv;Institucion;Libro
Anesthesia and Uncommon Diseases (Sixth Edition);Elsevier;; ;978-1-4377-2787-6;;0;0;3;CONCYTEC_BOOKS_BR2_SCIENCEDIRECT_03_2019.csv;Institucion;Libro
Animals and Human Society;Elsevier;; ;978-0-12-805247-1;;0;0;1;CONCYTEC_BOOKS_BR2_SCIENCEDIRECT_03_2019.csv;Institucion;Libro
Applied Cyber Security and the Smart Grid;Elsevier;; ;978-1-59749-998-9;;0;0;1;CONCYTEC_BOOKS_BR2_SCIENCEDIRECT_03_2019.csv;Institucion;Libro
Applied Welding Engineering;Elsevier;; ;978-0-12-391916-8;;0;0;320;CONCYTEC_BOOKS_BR2_SCIENCEDIRECT_03_2019.csv;Institucion;Libro
Approaches to Water Sensitive Urban Design;Woodhead Publishing;; ;978-0-12-812843-5;;0;0;28;CONCYTEC_BOOKS_BR2_SCIENCEDIRECT_03_2019.csv;Institucion;Libro
Aquaculture Virology;Elsevier;; ;978-0-12-801573-5;;0;0;2;CONCYTEC_BOOKS_BR2_SCIENCEDIRECT_03_2019.csv;Institucion;Libro
Aquatic Functional Biodiversity;Elsevier;; ;978-0-12-417015-5;;12;11;22;CONCYTEC_BOOKS_BR2_SCIENCEDIRECT_03_2019.csv;Institucion;Libro
Artemisinin-Based and Other Antimalarials;Elsevier;; ;978-0-12-813133-6;;0;1;0;CONCYTEC_BOOKS_BR2_SCIENCEDIRECT_03_2019.csv;Institucion;Libro
Assessing Vendors;Elsevier;; ;978-0-12-409607-3;;0;10;0;CONCYTEC_BOOKS_BR2_SCIENCEDIRECT_03_2019.csv;Institucion;Libro
Assessment, Restoration and Reclamation of Mining Influenced Soils;Elsevier;; ;978-0-12-809588-1;;0;18;0;CONCYTEC_BOOKS_BR2_SCIENCEDIRECT_03_2019.csv;Institucion;Libro
Atlas diagnóstico del dolor;Elsevier;; ;978-84-8174-938-0;;3;0;0;CONCYTEC_BOOKS_BR2_SCIENCEDIRECT_03_2019.csv;Institucion;Libro
Atlas of Drosophila Morphology;Elsevier;; ;978-0-12-384688-4;;0;0;10;CONCYTEC_BOOKS_BR2_SCIENCEDIRECT_03_2019.csv;Institucion;Libro
Atlas of Hematopathology;Elsevier;; ;978-0-12-385183-3;;0;0;1;CONCYTEC_BOOKS_BR2_SCIENCEDIRECT_03_2019.csv;Institucion;Libro
Atmospheric Impacts of the Oil and Gas Industry;Elsevier;; ;978-0-12-801883-5;;0;28;0;CONCYTEC_BOOKS_BR2_SCIENCEDIRECT_03_2019.csv;Institucion;Libro
Avian Immunology (Second Edition);Elsevier;; ;978-0-12-396965-1;;0;0;35;CONCYTEC_BOOKS_BR2_SCIENCEDIRECT_03_2019.csv;Institucion;Libro
Avian Medicine (Third Edition);Elsevier;; ;978-0-7234-3832-8;;0;0;2;CONCYTEC_BOOKS_BR2_SCIENCEDIRECT_03_2019.csv;Institucion;Libro
Bacterial Biogeochemistry (Third Edition);Elsevier;; ;978-0-12-415836-8;;0;14;0;CONCYTEC_BOOKS_BR2_SCIENCEDIRECT_03_2019.csv;Institucion;Libro
Bacterial Infections of the Central Nervous System;Elsevier;; ;978-0-444-52015-9;0072-9752;0;0;1;CONCYTEC_BOOKS_BR2_SCIENCEDIRECT_03_2019.csv;Institucion;Libro
Bio-Geotechnologies for Mine Site Rehabilitation;Elsevier;; ;978-0-12-812986-9;;0;77;0;CONCYTEC_BOOKS_BR2_SCIENCEDIRECT_03_2019.csv;Institucion;Libro
Bio-optical Modeling and Remote Sensing of Inland Waters;Elsevier;; ;978-0-12-804644-9;;0;9;0;CONCYTEC_BOOKS_BR2_SCIENCEDIRECT_03_2019.csv;Institucion;Libro
Bioassays;Elsevier;; ;978-0-12-811861-0;;0;56;0;CONCYTEC_BOOKS_BR2_SCIENCEDIRECT_03_2019.csv;Institucion;Libro
Biochar Application;Elsevier;; ;978-0-12-803433-0;;0;12;0;CONCYTEC_BOOKS_BR2_SCIENCEDIRECT_03_2019.csv;Institucion;Libro
Biochar from Biomass and Waste;Elsevier;; ;978-0-12-811729-3;;0;50;0;CONCYTEC_BOOKS_BR2_SCIENCEDIRECT_03_2019.csv;Institucion;Libro
Biodiversity and Health;Elsevier;; ;978-1-78548-115-4;;0;15;0;CONCYTEC_BOOKS_BR2_SCIENCEDIRECT_03_2019.csv;Institucion;Libro
Biofuels;Elsevier;; ;978-0-12-385099-7;;0;0;1;CONCYTEC_BOOKS_BR2_SCIENCEDIRECT_03_2019.csv;Institucion;Libro
Biogeochemistry (Third Edition);Elsevier;; ;978-0-12-385874-0;;0;30;0;CONCYTEC_BOOKS_BR2_SCIENCEDIRECT_03_2019.csv;Institucion;Libro
Biomaterials Science (Third Edition);Elsevier;; ;978-0-12-374626-9;;0;0;2;CONCYTEC_BOOKS_BR2_SCIENCEDIRECT_03_2019.csv;Institucion;Libro
Biopharmaceutical Processing;Elsevier;; ;978-0-08-100623-8;;0;0;2;CONCYTEC_BOOKS_BR2_SCIENCEDIRECT_03_2019.csv;Institucion;Libro
Biopolymers Reuse, Recycling, and Disposal;William Andrew Publishing;; ;978-1-4557-3145-9;;0;0;2;CONCYTEC_BOOKS_BR2_SCIENCEDIRECT_03_2019.csv;Institucion;Libro
Blood and Bone Marrow Pathology (Second Edition);Elsevier;; ;978-0-7020-3147-2;;0;42;0;CONCYTEC_BOOKS_BR2_SCIENCEDIRECT_03_2019.csv;Institucion;Libro
Braddom's Rehabilitation Care: A Clinical Handbook;Elsevier;; ;978-0-323-47904-2;;0;1;0;CONCYTEC_BOOKS_BR2_SCIENCEDIRECT_03_2019.csv;Institucion;Libro
Brainstorming and Beyond;Elsevier;; ;978-0-12-407157-5;;0;2;0;CONCYTEC_BOOKS_BR2_SCIENCEDIRECT_03_2019.csv;Institucion;Libro
Buchwald's Atlas of Metabolic & Bariatric Surgical Techniques and Procedures;Elsevier;; ;978-1-4160-3106-2;;0;0;26;CONCYTEC_BOOKS_BR2_SCIENCEDIRECT_03_2019.csv;Institucion;Libro
Canine and Feline Infectious Diseases;Elsevier;; ;978-1-4377-0795-3;;0;0;3;CONCYTEC_BOOKS_BR2_SCIENCEDIRECT_03_2019.csv;Institucion;Libro
Cardiología Pediátrica  (Quinta Edición);Elsevier;; ;978-84-8086-356-8;;0;3;0;CONCYTEC_BOOKS_BR2_SCIENCEDIRECT_03_2019.csv;Institucion;Libro
Cell Physiology Source Book (Fourth Edition);Elsevier;; ;978-0-12-387738-3;;0;0;108;CONCYTEC_BOOKS_BR2_SCIENCEDIRECT_03_2019.csv;Institucion;Libro
Cereal Grains (Second Edition);Woodhead Publishing;; ;978-0-08-100719-8;;0;0;20;CONCYTEC_BOOKS_BR2_SCIENCEDIRECT_03_2019.csv;Institucion;Libro
Chemical and Process Plant Commissioning Handbook;Elsevier;; ;978-0-08-097174-2;;0;0;18;CONCYTEC_BOOKS_BR2_SCIENCEDIRECT_03_2019.csv;Institucion;Libro
Chemical Modeling for Air Resources;Elsevier;; ;978-0-12-408135-2;;0;12;0;CONCYTEC_BOOKS_BR2_SCIENCEDIRECT_03_2019.csv;Institucion;Libro
Chemistry and Water;Elsevier;; ;978-0-12-809330-6;;0;6;3;CONCYTEC_BOOKS_BR2_SCIENCEDIRECT_03_2019.csv;Institucion;Libro
Chemometrics in Food Chemistry;Elsevier;; ;978-0-444-59528-7;0922-3487;0;3;0;CONCYTEC_BOOKS_BR2_SCIENCEDIRECT_03_2019.csv;Institucion;Libro
Cities and Geography;Elsevier;; ;978-0-444-50967-3;1574-0080;0;1;0;CONCYTEC_BOOKS_BR2_SCIENCEDIRECT_03_2019.csv;Institucion;Libro
Climate Change;Elsevier;; ;978-0-12-812164-1;;0;7;0;CONCYTEC_BOOKS_BR2_SCIENCEDIRECT_03_2019.csv;Institucion;Libro
Clinical Veterinary Advisor: Birds and Exotic Pets;Elsevier;; ;978-1-4160-3969-3;;1;0;52;CONCYTEC_BOOKS_BR2_SCIENCEDIRECT_03_2019.csv;Institucion;Libro
Clinical Veterinary Advisor: The Horse;Elsevier;; ;978-1-4160-9979-6;;1;0;1;CONCYTEC_BOOKS_BR2_SCIENCEDIRECT_03_2019.csv;Institucion;Libro
Cloud Computing;Elsevier;; ;978-0-12-404627-6;;14;0;0;CONCYTEC_BOOKS_BR2_SCIENCEDIRECT_03_2019.csv;Institucion;Libro
Comorbilidades Del Tdah  (Segunda Edición);Elsevier;; ;978-84-458-2021-6;;2;6;23;CONCYTEC_BOOKS_BR2_SCIENCEDIRECT_03_2019.csv;Institucion;Libro
Competition for Water Resources;Elsevier;; ;978-0-12-803237-4;;0;25;0;CONCYTEC_BOOKS_BR2_SCIENCEDIRECT_03_2019.csv;Institucion;Libro
Complete Casting Handbook;Elsevier;; ;978-1-85617-809-9;;0;3;0;CONCYTEC_BOOKS_BR2_SCIENCEDIRECT_03_2019.csv;Institucion;Libro
Computer and Information Security Handbook (Second Edition);Elsevier;; ;978-0-12-394397-2;;0;1;0;CONCYTEC_BOOKS_BR2_SCIENCEDIRECT_03_2019.csv;Institucion;Libro
Concrete Portable Handbook;Elsevier;; ;978-0-12-382176-8;;0;0;150;CONCYTEC_BOOKS_BR2_SCIENCEDIRECT_03_2019.csv;Institucion;Libro
Conducto hepatobiliar y páncreas. Los Requisitos en Gastroenterología;Elsevier;; ;978-84-8174-822-2;;0;0;1;CONCYTEC_BOOKS_BR2_SCIENCEDIRECT_03_2019.csv;Institucion;Libro
Corn (Third Edition);AACC International Press;; ;978-0-12-811971-6;;0;4;1;CONCYTEC_BOOKS_BR2_SCIENCEDIRECT_03_2019.csv;Institucion;Libro
Credit Engineering for Bankers (Second Edition);Elsevier;; ;978-0-12-378585-5;;0;1;0;CONCYTEC_BOOKS_BR2_SCIENCEDIRECT_03_2019.csv;Institucion;Libro
CUDA Programming;Elsevier;; ;978-0-12-415933-4;;0;0;12;CONCYTEC_BOOKS_BR2_SCIENCEDIRECT_03_2019.csv;Institucion;Libro
Current Developments in Biotechnology and Bioengineering;Elsevier;; ;978-0-444-63662-1;;0;1;0;CONCYTEC_BOOKS_BR2_SCIENCEDIRECT_03_2019.csv;Institucion;Libro
Current Therapy in Reptile Medicine and Surgery;Elsevier;; ;978-1-4557-0893-2;;0;0;1;CONCYTEC_BOOKS_BR2_SCIENCEDIRECT_03_2019.csv;Institucion;Libro
Dacie y Lewis. Hematología Práctica  (Décima Edición);Elsevier;; ;978-84-8086-229-5;;0;1;7;CONCYTEC_BOOKS_BR2_SCIENCEDIRECT_03_2019.csv;Institucion;Libro
Damping Technologies for Tall Buildings;Elsevier;; ;978-0-12-815963-7;;0;0;2;CONCYTEC_BOOKS_BR2_SCIENCEDIRECT_03_2019.csv;Institucion;Libro
Data Governance;Elsevier;; ;978-0-12-415829-0;;25;0;0;CONCYTEC_BOOKS_BR2_SCIENCEDIRECT_03_2019.csv;Institucion;Libro
Data Mining (Third Edition);Elsevier;; ;978-0-12-374856-0;;0;0;1;CONCYTEC_BOOKS_BR2_SCIENCEDIRECT_03_2019.csv;Institucion;Libro
Data Mining Applications with R;Elsevier;; ;978-0-12-411511-8;;0;0;2;CONCYTEC_BOOKS_BR2_SCIENCEDIRECT_03_2019.csv;Institucion;Libro
Data Treatment in Environmental Sciences;Elsevier;; ;978-1-78548-239-7;;0;7;0;CONCYTEC_BOOKS_BR2_SCIENCEDIRECT_03_2019.csv;Institucion;Libro
Decision Making in Water Resources Policy and Management;Elsevier;; ;978-0-12-810523-8;;0;19;0;CONCYTEC_BOOKS_BR2_SCIENCEDIRECT_03_2019.csv;Institucion;Libro
Dermatopathology;Elsevier;; ;978-0-443-06654-2;;0;2;1;CONCYTEC_BOOKS_BR2_SCIENCEDIRECT_03_2019.csv;Institucion;Libro
Designing Science Presentations;Elsevier;; ;978-0-12-385969-3;;0;1;0;CONCYTEC_BOOKS_BR2_SCIENCEDIRECT_03_2019.csv;Institucion;Libro
Diagnóstico Clínico Cardiovascular Por Imagen;Elsevier;; ;978-84-8174-862-8;;0;0;1;CONCYTEC_BOOKS_BR2_SCIENCEDIRECT_03_2019.csv;Institucion;Libro
Dictionary of Trees, Volume 2: South America;Elsevier;; ;978-0-12-396490-8;;0;8;0;CONCYTEC_BOOKS_BR2_SCIENCEDIRECT_03_2019.csv;Institucion;Libro
Digital Terrain Analysis in Soil Science and Geology;Elsevier;; ;978-0-12-385036-2;;0;1;0;CONCYTEC_BOOKS_BR2_SCIENCEDIRECT_03_2019.csv;Institucion;Libro
Dissolved Gas Concentration in Water (Second Edition);Elsevier;; ;978-0-12-415916-7;;0;12;0;CONCYTEC_BOOKS_BR2_SCIENCEDIRECT_03_2019.csv;Institucion;Libro
Domestic Violence Spills Over into the Workplace;Elsevier;; ;978-0-12-416551-9;;0;0;10;CONCYTEC_BOOKS_BR2_SCIENCEDIRECT_03_2019.csv;Institucion;Libro
Drug-Induced Liver Disease (Third Edition);Elsevier;; ;978-0-12-387817-5;;0;0;1;CONCYTEC_BOOKS_BR2_SCIENCEDIRECT_03_2019.csv;Institucion;Libro
Earth and Life Processes Discovered from Subseafloor Environments;Elsevier;; ;978-0-444-62617-2;1572-5480;0;26;0;CONCYTEC_BOOKS_BR2_SCIENCEDIRECT_03_2019.csv;Institucion;Libro
Earth as an Evolving Planetary System (Second Edition);Elsevier;; ;978-0-12-385227-4;;0;0;1;CONCYTEC_BOOKS_BR2_SCIENCEDIRECT_03_2019.csv;Institucion;Libro
Earthquake-Resistant Structures;Elsevier;; ;978-1-85617-501-2;;0;0;1;CONCYTEC_BOOKS_BR2_SCIENCEDIRECT_03_2019.csv;Institucion;Libro
Eco-Friendly Technology for Postharvest Produce Quality;Elsevier;; ;978-0-12-804313-4;;0;0;1;CONCYTEC_BOOKS_BR2_SCIENCEDIRECT_03_2019.csv;Institucion;Libro
Ecografía en diagnóstico prenatal;Elsevier;; ;978-84-458-1845-9;;0;0;2;CONCYTEC_BOOKS_BR2_SCIENCEDIRECT_03_2019.csv;Institucion;Libro
Ecology and Classification of North American Freshwater Invertebrates (Third Edition);Elsevier;; ;978-0-12-374855-3;;0;2;0;CONCYTEC_BOOKS_BR2_SCIENCEDIRECT_03_2019.csv;Institucion;Libro
Econophysics;Elsevier;; ;978-0-12-404626-9;;0;0;10;CONCYTEC_BOOKS_BR2_SCIENCEDIRECT_03_2019.csv;Institucion;Libro
Ecosystem Services;Elsevier;; ;978-0-12-419964-4;;0;42;4;CONCYTEC_BOOKS_BR2_SCIENCEDIRECT_03_2019.csv;Institucion;Libro
Ecosystem Services;Elsevier;; ;978-0-12-803885-7;0065-2504;0;0;6;CONCYTEC_BOOKS_BR2_SCIENCEDIRECT_03_2019.csv;Institucion;Libro
Ecotoxicology Essentials;Elsevier;; ;978-0-12-801947-4;;0;59;0;CONCYTEC_BOOKS_BR2_SCIENCEDIRECT_03_2019.csv;Institucion;Libro
Effective Security Management (Fifth Edition);Elsevier;; ;978-0-12-382012-9;;0;0;1;CONCYTEC_BOOKS_BR2_SCIENCEDIRECT_03_2019.csv;Institucion;Libro
Electromyography and Neuromuscular Disorders (Third Edition);Elsevier;; ;978-1-4557-2672-1;;0;0;1;CONCYTEC_BOOKS_BR2_SCIENCEDIRECT_03_2019.csv;Institucion;Libro
Emery and Rimoin's Principles and Practice of Medical Genetics;Elsevier;; ;978-0-12-383834-6;;2;0;0;CONCYTEC_BOOKS_BR2_SCIENCEDIRECT_03_2019.csv;Institucion;Libro
Encyclopedia of Creativity (Second Edition);Elsevier;; ;978-0-12-375038-9;;0;0;2;CONCYTEC_BOOKS_BR2_SCIENCEDIRECT_03_2019.csv;Institucion;Libro
Endocrine Secrets (Sixth Edition);Elsevier;; ;978-1-4557-4975-1;;0;0;1;CONCYTEC_BOOKS_BR2_SCIENCEDIRECT_03_2019.csv;Institucion;Libro
Endodontics (Fourth Edition);Elsevier;; ;978-0-7020-3155-7;;0;1;0;CONCYTEC_BOOKS_BR2_SCIENCEDIRECT_03_2019.csv;Institucion;Libro
Energy, Sustainability and the Environment;Elsevier;; ;978-0-12-385136-9;;0;20;0;CONCYTEC_BOOKS_BR2_SCIENCEDIRECT_03_2019.csv;Institucion;Libro
Engineering Documentation Control Handbook;William Andrew Publishing;; ;978-1-4557-7860-7;;0;0;1;CONCYTEC_BOOKS_BR2_SCIENCEDIRECT_03_2019.csv;Institucion;Libro
Ensuring Global Food Safety;Elsevier;; ;978-0-12-374845-4;;0;28;0;CONCYTEC_BOOKS_BR2_SCIENCEDIRECT_03_2019.csv;Institucion;Libro
Entropy Principle for the Development of Complex Biotic Systems;Elsevier;; ;978-0-12-391493-4;;0;12;0;CONCYTEC_BOOKS_BR2_SCIENCEDIRECT_03_2019.csv;Institucion;Libro
Environanotechnology;Elsevier;; ;978-0-08-054820-3;;0;14;0;CONCYTEC_BOOKS_BR2_SCIENCEDIRECT_03_2019.csv;Institucion;Libro
Environment and Development;Elsevier;; ;978-0-444-62733-9;;0;8;0;CONCYTEC_BOOKS_BR2_SCIENCEDIRECT_03_2019.csv;Institucion;Libro
Environmental and Pollution Science (Third Edition);Elsevier;; ;978-0-12-814719-1;;0;0;2;CONCYTEC_BOOKS_BR2_SCIENCEDIRECT_03_2019.csv;Institucion;Libro
Environmental Changes;Elsevier;; ;978-1-78548-026-3;;0;5;0;CONCYTEC_BOOKS_BR2_SCIENCEDIRECT_03_2019.csv;Institucion;Libro
Environmental Data Analysis with MatLab;Elsevier;; ;978-0-12-391886-4;;0;12;0;CONCYTEC_BOOKS_BR2_SCIENCEDIRECT_03_2019.csv;Institucion;Libro
Environmental Geochemistry (Second Edition);Elsevier;; ;978-0-444-63763-5;;0;23;0;CONCYTEC_BOOKS_BR2_SCIENCEDIRECT_03_2019.csv;Institucion;Libro
Environmental Management;Elsevier;; ;978-0-12-811989-1;;0;25;0;CONCYTEC_BOOKS_BR2_SCIENCEDIRECT_03_2019.csv;Institucion;Libro
Environmental Materials and Waste;Elsevier;; ;978-0-12-803837-6;;0;27;0;CONCYTEC_BOOKS_BR2_SCIENCEDIRECT_03_2019.csv;Institucion;Libro
Enzymes in Food Biotechnology;Elsevier;; ;978-0-12-813280-7;;1;1;0;CONCYTEC_BOOKS_BR2_SCIENCEDIRECT_03_2019.csv;Institucion;Libro
Enzymes in Human and Animal Nutrition;Elsevier;; ;978-0-12-805419-2;;0;1;0;CONCYTEC_BOOKS_BR2_SCIENCEDIRECT_03_2019.csv;Institucion;Libro
Equine Surgery (Fourth Edition);Elsevier;; ;978-1-4377-0867-7;;1;0;0;CONCYTEC_BOOKS_BR2_SCIENCEDIRECT_03_2019.csv;Institucion;Libro
Essential MATLAB for Engineers and Scientists (Fifth Edition);Elsevier;; ;978-0-12-394398-9;;0;0;23;CONCYTEC_BOOKS_BR2_SCIENCEDIRECT_03_2019.csv;Institucion;Libro
Essential Neuromodulation;Elsevier;; ;978-0-12-381409-8;;0;0;6;CONCYTEC_BOOKS_BR2_SCIENCEDIRECT_03_2019.csv;Institucion;Libro
Evidence-Based Physical Diagnosis (Third Edition);Elsevier;; ;978-1-4377-2207-9;;0;0;5;CONCYTEC_BOOKS_BR2_SCIENCEDIRECT_03_2019.csv;Institucion;Libro
Exotic Fruits;Elsevier;; ;978-0-12-803138-4;;0;3;1;CONCYTEC_BOOKS_BR2_SCIENCEDIRECT_03_2019.csv;Institucion;Libro
Experimental Methods in Tribology;Elsevier;; ;978-0-444-51589-6;0167-8922;0;4;0;CONCYTEC_BOOKS_BR2_SCIENCEDIRECT_03_2019.csv;Institucion;Libro
Extrusion (Second Edition);William Andrew Publishing;; ;978-1-4377-3481-2;;0;0;2;CONCYTEC_BOOKS_BR2_SCIENCEDIRECT_03_2019.csv;Institucion;Libro
Fate and Impact of Microplastics in Marine Ecosystems;Elsevier;; ;978-0-12-812271-6;;1;0;0;CONCYTEC_BOOKS_BR2_SCIENCEDIRECT_03_2019.csv;Institucion;Libro
Fatigue and Tribological Properties of Plastics and Elastomers;William Andrew Publishing;; ;978-0-08-096450-8;;0;1;0;CONCYTEC_BOOKS_BR2_SCIENCEDIRECT_03_2019.csv;Institucion;Libro
Feed and Feeding Practices in Aquaculture;Woodhead Publishing;; ;978-0-08-100506-4;;0;5;0;CONCYTEC_BOOKS_BR2_SCIENCEDIRECT_03_2019.csv;Institucion;Libro
Ferrets, Rabbits, and Rodents (Third Edition);Elsevier;; ;978-1-4160-6621-7;;1;0;0;CONCYTEC_BOOKS_BR2_SCIENCEDIRECT_03_2019.csv;Institucion;Libro
Field Guide to Freshwater Invertebrates of North America;Elsevier;; ;978-0-12-381426-5;;0;29;1;CONCYTEC_BOOKS_BR2_SCIENCEDIRECT_03_2019.csv;Institucion;Libro
Flavour Science;Elsevier;; ;978-0-12-398549-1;;2;0;2;CONCYTEC_BOOKS_BR2_SCIENCEDIRECT_03_2019.csv;Institucion;Libro
Flow-Induced Vibrations (Second Edition);Elsevier;; ;978-0-08-098347-9;;0;0;9;CONCYTEC_BOOKS_BR2_SCIENCEDIRECT_03_2019.csv;Institucion;Libro
Fluid, Electrolyte, and Acid-Base Disorders in Small Animal Practice (Fourth Edition);Elsevier;; ;978-1-4377-0654-3;;0;29;0;CONCYTEC_BOOKS_BR2_SCIENCEDIRECT_03_2019.csv;Institucion;Libro
Food Industry Wastes;Elsevier;; ;978-0-12-391921-2;;0;0;2;CONCYTEC_BOOKS_BR2_SCIENCEDIRECT_03_2019.csv;Institucion;Libro
Food Packaging and Preservation;Elsevier;; ;978-0-12-811516-9;;0;1;0;CONCYTEC_BOOKS_BR2_SCIENCEDIRECT_03_2019.csv;Institucion;Libro
Food Preservation;Elsevier;; ;978-0-12-804303-5;;0;0;1;CONCYTEC_BOOKS_BR2_SCIENCEDIRECT_03_2019.csv;Institucion;Libro
Food Processing Technology (Fourth Edition);Woodhead Publishing;; ;978-0-08-101907-8;;0;3;0;CONCYTEC_BOOKS_BR2_SCIENCEDIRECT_03_2019.csv;Institucion;Libro
Food Safety Management;Elsevier;; ;978-0-12-381504-0;;0;3;1;CONCYTEC_BOOKS_BR2_SCIENCEDIRECT_03_2019.csv;Institucion;Libro
Forensic DNA Biology;Elsevier;; ;978-0-12-394585-3;;0;0;1;CONCYTEC_BOOKS_BR2_SCIENCEDIRECT_03_2019.csv;Institucion;Libro
Fowler's Zoo and Wild Animal Medicine;Elsevier;; ;978-1-4377-1986-4;;0;0;88;CONCYTEC_BOOKS_BR2_SCIENCEDIRECT_03_2019.csv;Institucion;Libro
FPGAs 101;Elsevier;; ;978-1-85617-706-1;;10;0;0;CONCYTEC_BOOKS_BR2_SCIENCEDIRECT_03_2019.csv;Institucion;Libro
From Academia to Entrepreneur;Elsevier;; ;978-0-12-410516-4;;0;2;15;CONCYTEC_BOOKS_BR2_SCIENCEDIRECT_03_2019.csv;Institucion;Libro
Fukushima Accident;Elsevier;; ;978-0-12-408132-1;;0;1;0;CONCYTEC_BOOKS_BR2_SCIENCEDIRECT_03_2019.csv;Institucion;Libro
Functional Movement Development Across the Life Span (Third Edition);Elsevier;; ;978-1-4160-4978-4;;0;1;0;CONCYTEC_BOOKS_BR2_SCIENCEDIRECT_03_2019.csv;Institucion;Libro
Fundamentals of Ecosystem Science;Elsevier;; ;978-0-12-088774-3;;0;19;0;CONCYTEC_BOOKS_BR2_SCIENCEDIRECT_03_2019.csv;Institucion;Libro
Fundamentals of Geoenvironmental Engineering;Elsevier;; ;978-0-12-804830-6;;0;1;0;CONCYTEC_BOOKS_BR2_SCIENCEDIRECT_03_2019.csv;Institucion;Libro
Fundamentals of Soil Ecology (Third Edition);Elsevier;; ;978-0-12-805251-8;;0;23;0;CONCYTEC_BOOKS_BR2_SCIENCEDIRECT_03_2019.csv;Institucion;Libro
Fundamentals of Toxicologic Pathology (Third Edition);Elsevier;; ;978-0-12-809841-7;;0;2;0;CONCYTEC_BOOKS_BR2_SCIENCEDIRECT_03_2019.csv;Institucion;Libro
Fundamentos de las enfermedades del tórax  (Tercera Edición);Elsevier;; ;978-84-458-1603-5;;0;0;1;CONCYTEC_BOOKS_BR2_SCIENCEDIRECT_03_2019.csv;Institucion;Libro
Gastroenterology and Nutrition: Neonatology Questions and Controversies (Second Edition);Elsevier;; ;978-1-4377-2603-9;;0;22;0;CONCYTEC_BOOKS_BR2_SCIENCEDIRECT_03_2019.csv;Institucion;Libro
Genetically Modified Food Sources;Elsevier;; ;978-0-12-405878-1;;0;0;8;CONCYTEC_BOOKS_BR2_SCIENCEDIRECT_03_2019.csv;Institucion;Libro
Genomics in Aquaculture;Elsevier;; ;978-0-12-801418-9;;11;0;0;CONCYTEC_BOOKS_BR2_SCIENCEDIRECT_03_2019.csv;Institucion;Libro
Geometric Morphometrics for Biologists (Second Edition);Elsevier;; ;978-0-12-386903-6;;0;0;1;CONCYTEC_BOOKS_BR2_SCIENCEDIRECT_03_2019.csv;Institucion;Libro
Gestión Diaria del Hospital  (Tercera Edición);Elsevier;; ;978-84-458-1666-0;;0;1;2;CONCYTEC_BOOKS_BR2_SCIENCEDIRECT_03_2019.csv;Institucion;Libro
GI/Liver Secrets (Fourth Edition);Elsevier;; ;978-0-323-06397-5;;2;0;0;CONCYTEC_BOOKS_BR2_SCIENCEDIRECT_03_2019.csv;Institucion;Libro
Gluten-Free Ancient Grains;Woodhead Publishing;; ;978-0-08-100866-9;;0;0;25;CONCYTEC_BOOKS_BR2_SCIENCEDIRECT_03_2019.csv;Institucion;Libro
Hacking Web Apps;Elsevier;; ;978-1-59749-951-4;;0;0;9;CONCYTEC_BOOKS_BR2_SCIENCEDIRECT_03_2019.csv;Institucion;Libro
Handbook of Advanced Chromatography/Mass Spectrometry Techniques;AOCS Press;; ;978-0-12-811732-3;;0;1;0;CONCYTEC_BOOKS_BR2_SCIENCEDIRECT_03_2019.csv;Institucion;Libro
Handbook of Agricultural Economics Vol: 4;Elsevier;; ;978-0-444-51874-3;1574-0072;0;1;2;CONCYTEC_BOOKS_BR2_SCIENCEDIRECT_03_2019.csv;Institucion;Libro
Handbook of Behavioral Economics - Foundations and Applications 1;Elsevier;; ;978-0-444-63374-3;2352-2399;0;27;1;CONCYTEC_BOOKS_BR2_SCIENCEDIRECT_03_2019.csv;Institucion;Libro
Handbook of Behavioral Economics - Foundations and Applications 2;Elsevier;; ;978-0-444-63375-0;2352-2399;0;14;0;CONCYTEC_BOOKS_BR2_SCIENCEDIRECT_03_2019.csv;Institucion;Libro
Handbook of Biologically Active Peptides (Second Edition);Elsevier;; ;978-0-12-385095-9;;1;3;1;CONCYTEC_BOOKS_BR2_SCIENCEDIRECT_03_2019.csv;Institucion;Libro
Handbook of Biopolymers and Biodegradable Plastics;William Andrew Publishing;; ;978-1-4557-2834-3;;0;0;3;CONCYTEC_BOOKS_BR2_SCIENCEDIRECT_03_2019.csv;Institucion;Libro
Handbook of Cannabis and Related Pathologies;Elsevier;; ;978-0-12-800756-3;;0;5;0;CONCYTEC_BOOKS_BR2_SCIENCEDIRECT_03_2019.csv;Institucion;Libro
Handbook of Child and Adolescent Sexuality;Elsevier;; ;978-0-12-387759-8;;0;0;29;CONCYTEC_BOOKS_BR2_SCIENCEDIRECT_03_2019.csv;Institucion;Libro
Handbook of Clay Science;Elsevier;; ;978-0-08-099364-5;1572-4352;0;0;1;CONCYTEC_BOOKS_BR2_SCIENCEDIRECT_03_2019.csv;Institucion;Libro
Handbook of Computational Economics Vol. 3;Elsevier;; ;978-0-444-52980-0;1574-0021;0;1;0;CONCYTEC_BOOKS_BR2_SCIENCEDIRECT_03_2019.csv;Institucion;Libro
Handbook of Econometrics Vol: 1;Elsevier;; ;978-0-444-86185-6;1573-4412;0;0;1;CONCYTEC_BOOKS_BR2_SCIENCEDIRECT_03_2019.csv;Institucion;Libro
Handbook of Econometrics Vol: 6;Elsevier;; ;978-0-444-50631-3;1573-4412;0;0;3;CONCYTEC_BOOKS_BR2_SCIENCEDIRECT_03_2019.csv;Institucion;Libro
Handbook of Economic Growth Vol: 1;Elsevier;; ;978-0-444-52041-8;1574-0684;0;2;2;CONCYTEC_BOOKS_BR2_SCIENCEDIRECT_03_2019.csv;Institucion;Libro
Handbook of Environmental Degradation of Materials (Third Edition);William Andrew Publishing;; ;978-0-323-52472-8;;0;0;56;CONCYTEC_BOOKS_BR2_SCIENCEDIRECT_03_2019.csv;Institucion;Libro
Handbook of Farm, Dairy and Food Machinery Engineering (Second Edition);Elsevier;; ;978-0-12-385881-8;;0;3;0;CONCYTEC_BOOKS_BR2_SCIENCEDIRECT_03_2019.csv;Institucion;Libro
Handbook of Field Experiments;Elsevier;; ;978-0-444-63324-8;2214-658X;1;0;0;CONCYTEC_BOOKS_BR2_SCIENCEDIRECT_03_2019.csv;Institucion;Libro
Handbook of Health Economics;Elsevier;; ;978-0-444-53592-4;1574-0064;0;2;0;CONCYTEC_BOOKS_BR2_SCIENCEDIRECT_03_2019.csv;Institucion;Libro
Handbook of Income Distribution;Elsevier;; ;978-0-444-59430-3;1574-0056;0;0;36;CONCYTEC_BOOKS_BR2_SCIENCEDIRECT_03_2019.csv;Institucion;Libro
Handbook of Industrial Organization Vol: 1;Elsevier;; ;978-0-444-70434-4;1573-448X;0;0;2;CONCYTEC_BOOKS_BR2_SCIENCEDIRECT_03_2019.csv;Institucion;Libro
Handbook of Industrial Organization Vol: 2;Elsevier;; ;978-0-444-70435-1;1573-448X;0;0;2;CONCYTEC_BOOKS_BR2_SCIENCEDIRECT_03_2019.csv;Institucion;Libro
Handbook of Industrial Organization Vol: 3;Elsevier;; ;978-0-444-82435-6;1573-448X;0;2;4;CONCYTEC_BOOKS_BR2_SCIENCEDIRECT_03_2019.csv;Institucion;Libro
Handbook of Labor Economics Vol: 3;Elsevier;; ;978-0-444-50187-5;1573-4463;0;3;0;CONCYTEC_BOOKS_BR2_SCIENCEDIRECT_03_2019.csv;Institucion;Libro
Handbook of Labor Economics Vol: 3;Elsevier;; ;978-0-444-50188-2;1573-4463;0;0;4;CONCYTEC_BOOKS_BR2_SCIENCEDIRECT_03_2019.csv;Institucion;Libro
Handbook of Labor Economics Vol: 3;Elsevier;; ;978-0-444-50189-9;1573-4463;0;0;2;CONCYTEC_BOOKS_BR2_SCIENCEDIRECT_03_2019.csv;Institucion;Libro
Handbook of Law and Economics Vol: 1;Elsevier;; ;978-0-444-51235-2;1574-0730;1;3;0;CONCYTEC_BOOKS_BR2_SCIENCEDIRECT_03_2019.csv;Institucion;Libro
Handbook of Liquefied Natural Gas;Elsevier;; ;978-0-12-404585-9;;0;1;0;CONCYTEC_BOOKS_BR2_SCIENCEDIRECT_03_2019.csv;Institucion;Libro
Handbook of Macroeconomics Vol: 2;Elsevier;; ;978-0-444-59487-7;1574-0048;0;0;2;CONCYTEC_BOOKS_BR2_SCIENCEDIRECT_03_2019.csv;Institucion;Libro
Handbook of Mammalian Vocalization;Elsevier;; ;978-0-12-374593-4;1569-7339;1;0;2;CONCYTEC_BOOKS_BR2_SCIENCEDIRECT_03_2019.csv;Institucion;Libro
Handbook of Mathematical Economics Vol: 2;Elsevier;; ;978-0-444-86127-6;1573-4382;0;2;0;CONCYTEC_BOOKS_BR2_SCIENCEDIRECT_03_2019.csv;Institucion;Libro
Handbook of Media Economics;Elsevier;; ;978-0-444-63691-1;2213-6630;0;2;22;CONCYTEC_BOOKS_BR2_SCIENCEDIRECT_03_2019.csv;Institucion;Libro
Handbook of Modern Pharmaceutical Analysis;Elsevier;; ;978-0-12-375680-0;1877-1718;0;0;1;CONCYTEC_BOOKS_BR2_SCIENCEDIRECT_03_2019.csv;Institucion;Libro
Handbook of Monetary Economics Vol: 3;Elsevier;; ;978-0-444-53470-5;1573-4498;2;0;0;CONCYTEC_BOOKS_BR2_SCIENCEDIRECT_03_2019.csv;Institucion;Libro
Handbook of Neuroendocrinology;Elsevier;; ;978-0-12-375097-6;;0;0;1;CONCYTEC_BOOKS_BR2_SCIENCEDIRECT_03_2019.csv;Institucion;Libro
Handbook of Odors in Plastic Materials;William Andrew Publishing;; ;978-1-895198-51-5;;0;1;0;CONCYTEC_BOOKS_BR2_SCIENCEDIRECT_03_2019.csv;Institucion;Libro
Handbook of Organizational Creativity;Elsevier;; ;978-0-12-374714-3;;0;0;28;CONCYTEC_BOOKS_BR2_SCIENCEDIRECT_03_2019.csv;Institucion;Libro
Handbook of Polymer Applications in Medicine and Medical Devices;William Andrew Publishing;; ;978-0-323-22805-3;;0;0;7;CONCYTEC_BOOKS_BR2_SCIENCEDIRECT_03_2019.csv;Institucion;Libro
Handbook of Polymers;Elsevier;; ;978-1-895198-47-8;;0;0;2;CONCYTEC_BOOKS_BR2_SCIENCEDIRECT_03_2019.csv;Institucion;Libro
Handbook of Proteolytic Enzymes (Third Edition);Elsevier;; ;978-0-12-382219-2;;0;9;1;CONCYTEC_BOOKS_BR2_SCIENCEDIRECT_03_2019.csv;Institucion;Libro
Handbook of Regional and Urban Economics;Elsevier;; ;978-0-444-59533-1;1574-0080;0;20;0;CONCYTEC_BOOKS_BR2_SCIENCEDIRECT_03_2019.csv;Institucion;Libro
Handbook of the Economics of Art and Culture;Elsevier;; ;978-0-444-53776-8;1574-0676;0;0;2;CONCYTEC_BOOKS_BR2_SCIENCEDIRECT_03_2019.csv;Institucion;Libro
Handbook of The Economics of Education;Elsevier;; ;978-0-444-53444-6;1574-0692;0;1;0;CONCYTEC_BOOKS_BR2_SCIENCEDIRECT_03_2019.csv;Institucion;Libro
Handbook of the Economics of Education Vol: 1;Elsevier;; ;978-0-444-51399-1;1574-0692;0;4;0;CONCYTEC_BOOKS_BR2_SCIENCEDIRECT_03_2019.csv;Institucion;Libro
Handbook of the Economics of Finance Vol: 2;Elsevier;; ;978-0-444-53594-8;1574-0102;1;2;0;CONCYTEC_BOOKS_BR2_SCIENCEDIRECT_03_2019.csv;Institucion;Libro
Handbook of the Economics of Finance Vol: 2;Elsevier;; ;978-0-444-59406-8;1574-0102;0;2;0;CONCYTEC_BOOKS_BR2_SCIENCEDIRECT_03_2019.csv;Institucion;Libro
Handbook of the Economics of International Migration;Elsevier;; ;978-0-444-63372-9;2212-0092;0;2;1;CONCYTEC_BOOKS_BR2_SCIENCEDIRECT_03_2019.csv;Institucion;Libro
Handbook of the Economics of Population Aging Vol: 1;Elsevier;; ;978-0-444-63405-4;2212-0076;0;0;20;CONCYTEC_BOOKS_BR2_SCIENCEDIRECT_03_2019.csv;Institucion;Libro
Handbook of the Economics of Risk and Uncertainty;Elsevier;; ;978-0-444-53685-3;2211-7547;0;2;0;CONCYTEC_BOOKS_BR2_SCIENCEDIRECT_03_2019.csv;Institucion;Libro
Handbooks in Economics;Elsevier;; ;978-0-444-52944-2;1573-4471;0;0;1;CONCYTEC_BOOKS_BR2_SCIENCEDIRECT_03_2019.csv;Institucion;Libro
Harnessing the Power of Viruses;Elsevier;; ;978-0-12-810514-6;;0;0;1;CONCYTEC_BOOKS_BR2_SCIENCEDIRECT_03_2019.csv;Institucion;Libro
Haschek and Rousseaux's Handbook of Toxicologic Pathology (Third Edition);Elsevier;; ;978-0-12-415759-0;;0;3;0;CONCYTEC_BOOKS_BR2_SCIENCEDIRECT_03_2019.csv;Institucion;Libro
Health Care and Environmental Contamination;Elsevier;; ;978-0-444-63857-1;;0;13;0;CONCYTEC_BOOKS_BR2_SCIENCEDIRECT_03_2019.csv;Institucion;Libro
Human Stem Cell Manual (Second Edition);Elsevier;; ;978-0-12-385473-5;;0;1;0;CONCYTEC_BOOKS_BR2_SCIENCEDIRECT_03_2019.csv;Institucion;Libro
Hydraulic Fracturing Chemicals and Fluids Technology;Elsevier;; ;978-0-12-411491-3;;0;0;1;CONCYTEC_BOOKS_BR2_SCIENCEDIRECT_03_2019.csv;Institucion;Libro
Hyperkinetic Movement Disorders;Elsevier;; ;978-0-444-52014-2;0072-9752;0;1;0;CONCYTEC_BOOKS_BR2_SCIENCEDIRECT_03_2019.csv;Institucion;Libro
Hyperspectral Imaging for Food Quality Analysis and Control;Elsevier;; ;978-0-12-374753-2;;0;15;0;CONCYTEC_BOOKS_BR2_SCIENCEDIRECT_03_2019.csv;Institucion;Libro
ICES Zooplankton Methodology Manual;Elsevier;; ;978-0-12-327645-2;;12;0;12;CONCYTEC_BOOKS_BR2_SCIENCEDIRECT_03_2019.csv;Institucion;Libro
Identifying Marine Phytoplankton;Elsevier;; ;978-0-12-693018-4;;14;0;0;CONCYTEC_BOOKS_BR2_SCIENCEDIRECT_03_2019.csv;Institucion;Libro
IFAC Workshop Series;Elsevier;; ;978-0-08-041273-3;;0;0;2;CONCYTEC_BOOKS_BR2_SCIENCEDIRECT_03_2019.csv;Institucion;Libro
Illustrated Toxicology;Elsevier;; ;978-0-12-813213-5;;0;8;0;CONCYTEC_BOOKS_BR2_SCIENCEDIRECT_03_2019.csv;Institucion;Libro
Imaging in Pediatrics;Elsevier;; ;978-0-323-47778-9;;0;2;3;CONCYTEC_BOOKS_BR2_SCIENCEDIRECT_03_2019.csv;Institucion;Libro
Individual Differences and Personality (Second Edition);Elsevier;; ;978-0-12-416009-5;;0;0;2;CONCYTEC_BOOKS_BR2_SCIENCEDIRECT_03_2019.csv;Institucion;Libro
Inflammation, Advancing Age and Nutrition;Elsevier;; ;978-0-12-397803-5;;0;0;1;CONCYTEC_BOOKS_BR2_SCIENCEDIRECT_03_2019.csv;Institucion;Libro
Innovations in Food Packaging (Second Edition);Elsevier;; ;978-0-12-394601-0;;0;0;2;CONCYTEC_BOOKS_BR2_SCIENCEDIRECT_03_2019.csv;Institucion;Libro
Insect Ecology (Fourth Edition);Elsevier;; ;978-0-12-803033-2;;0;3;0;CONCYTEC_BOOKS_BR2_SCIENCEDIRECT_03_2019.csv;Institucion;Libro
Integrated Pest Management;Elsevier;; ;978-0-12-398529-3;;0;1;1;CONCYTEC_BOOKS_BR2_SCIENCEDIRECT_03_2019.csv;Institucion;Libro
Interface Science and Composites;Elsevier;; ;978-0-12-375049-5;1573-4285;1;0;0;CONCYTEC_BOOKS_BR2_SCIENCEDIRECT_03_2019.csv;Institucion;Libro
International Encyclopedia of the Social & Behavioral Sciences (Second Edition);Elsevier;; ;978-0-08-097087-5;;0;15;83;CONCYTEC_BOOKS_BR2_SCIENCEDIRECT_03_2019.csv;Institucion;Libro
Introduction to Food Engineering (Fifth Edition);Elsevier;; ;978-0-12-398530-9;;0;0;1;CONCYTEC_BOOKS_BR2_SCIENCEDIRECT_03_2019.csv;Institucion;Libro
Introduction to Mineralogy and Petrology;Elsevier;; ;978-0-12-408133-8;;0;0;13;CONCYTEC_BOOKS_BR2_SCIENCEDIRECT_03_2019.csv;Institucion;Libro
Introduction to Supercritical Fluids;Elsevier;; ;978-0-444-52215-3;2212-0505;0;6;0;CONCYTEC_BOOKS_BR2_SCIENCEDIRECT_03_2019.csv;Institucion;Libro
Kirk & Bistner's Handbook of Veterinary Procedures and Emergency Treatment (Ninth Edition);Elsevier;; ;978-1-4377-0798-4;;0;0;1;CONCYTEC_BOOKS_BR2_SCIENCEDIRECT_03_2019.csv;Institucion;Libro
Laboratory Animals;Elsevier;; ;978-0-12-397856-1;;0;0;2;CONCYTEC_BOOKS_BR2_SCIENCEDIRECT_03_2019.csv;Institucion;Libro
Land Surface Remote Sensing in Continental Hydrology;Elsevier;; ;978-1-78548-104-8;;0;0;15;CONCYTEC_BOOKS_BR2_SCIENCEDIRECT_03_2019.csv;Institucion;Libro
Lead and Public Health;Elsevier;; ;978-0-444-51554-4;1875-1121;0;0;1;CONCYTEC_BOOKS_BR2_SCIENCEDIRECT_03_2019.csv;Institucion;Libro
Learning About Learning Disabilities (Fourth Edition);Elsevier;; ;978-0-12-388409-1;;0;1;0;CONCYTEC_BOOKS_BR2_SCIENCEDIRECT_03_2019.csv;Institucion;Libro
Liquid Chromatography (Second Edition);Elsevier;; ;978-0-12-805392-8;;0;0;7;CONCYTEC_BOOKS_BR2_SCIENCEDIRECT_03_2019.csv;Institucion;Libro
Liquid Chromatography (Second Edition);Elsevier;; ;978-0-12-805393-5;;0;1;1;CONCYTEC_BOOKS_BR2_SCIENCEDIRECT_03_2019.csv;Institucion;Libro
Liquid Chromatography: Fundamentals and Instrumentation;Elsevier;; ;978-0-12-415807-8;;0;1;0;CONCYTEC_BOOKS_BR2_SCIENCEDIRECT_03_2019.csv;Institucion;Libro
Llama and Alpaca Care;Elsevier;; ;978-1-4377-2352-6;;0;0;5;CONCYTEC_BOOKS_BR2_SCIENCEDIRECT_03_2019.csv;Institucion;Libro
Logistics of Production and Inventory;Elsevier;; ;978-0-444-87472-6;0927-0507;0;0;2;CONCYTEC_BOOKS_BR2_SCIENCEDIRECT_03_2019.csv;Institucion;Libro
LTE-Advanced;Elsevier;; ;978-0-12-405162-1;;0;15;0;CONCYTEC_BOOKS_BR2_SCIENCEDIRECT_03_2019.csv;Institucion;Libro
Ludwig's Applied Process Design for Chemical and Petrochemical Plants (Fourth Edition), Volume 2;Elsevier;; ;978-0-7506-8366-1;;0;0;1;CONCYTEC_BOOKS_BR2_SCIENCEDIRECT_03_2019.csv;Institucion;Libro
MacSween's Pathology of the Liver (Sixth Edition);Elsevier;; ;978-0-7020-3398-8;;0;0;2;CONCYTEC_BOOKS_BR2_SCIENCEDIRECT_03_2019.csv;Institucion;Libro
Manson's Tropical Infectious Diseases (Twenty-third Edition);Elsevier;; ;978-0-7020-5101-2;;0;0;2;CONCYTEC_BOOKS_BR2_SCIENCEDIRECT_03_2019.csv;Institucion;Libro
Mare Liberum;Elsevier;; ;978-1-4832-8303-6;;0;0;1;CONCYTEC_BOOKS_BR2_SCIENCEDIRECT_03_2019.csv;Institucion;Libro
Marine Mammals of the World (Second Edition);Elsevier;; ;978-0-12-409542-7;;12;77;0;CONCYTEC_BOOKS_BR2_SCIENCEDIRECT_03_2019.csv;Institucion;Libro
Mass Production of Beneficial Organisms;Elsevier;; ;978-0-12-391453-8;;0;1;0;CONCYTEC_BOOKS_BR2_SCIENCEDIRECT_03_2019.csv;Institucion;Libro
Mathematica Navigator (Third Edition);Elsevier;; ;978-0-12-374164-6;;0;0;30;CONCYTEC_BOOKS_BR2_SCIENCEDIRECT_03_2019.csv;Institucion;Libro
Measuring the User Experience (Second Edition);Elsevier;; ;978-0-12-415781-1;;0;1;0;CONCYTEC_BOOKS_BR2_SCIENCEDIRECT_03_2019.csv;Institucion;Libro
Mechanical Design Engineering Handbook;Elsevier;; ;978-0-08-097759-1;;2;0;0;CONCYTEC_BOOKS_BR2_SCIENCEDIRECT_03_2019.csv;Institucion;Libro
Medicina de los Trastornos del Sueño  (Tercera Edición);Elsevier;; ;978-84-8086-733-7;;0;1;0;CONCYTEC_BOOKS_BR2_SCIENCEDIRECT_03_2019.csv;Institucion;Libro
Medicina integrativa  (Segunda Edición);Elsevier;; ;978-84-458-1911-1;;0;4;23;CONCYTEC_BOOKS_BR2_SCIENCEDIRECT_03_2019.csv;Institucion;Libro
Metal-Free Synthetic Organic Dyes;Elsevier;; ;978-0-12-815647-6;;0;1;0;CONCYTEC_BOOKS_BR2_SCIENCEDIRECT_03_2019.csv;Institucion;Libro
Methods for Analysis of Carbohydrate Metabolism in Photosynthetic Organisms;Elsevier;; ;978-0-12-803396-8;;0;0;1;CONCYTEC_BOOKS_BR2_SCIENCEDIRECT_03_2019.csv;Institucion;Libro
Methods in Biomedical Informatics;Elsevier;; ;978-0-12-401678-1;;0;1;0;CONCYTEC_BOOKS_BR2_SCIENCEDIRECT_03_2019.csv;Institucion;Libro
Methods in Stream Ecology (Third Edition);Elsevier;; ;978-0-12-813047-6;;0;19;0;CONCYTEC_BOOKS_BR2_SCIENCEDIRECT_03_2019.csv;Institucion;Libro
Métodos de investigación clínica y epidemiológica   (Tercera Edición);Elsevier;; ;978-84-8174-709-6;;0;117;1;CONCYTEC_BOOKS_BR2_SCIENCEDIRECT_03_2019.csv;Institucion;Libro
Microbial Diversity in the Genomic Era;Elsevier;; ;978-0-12-814849-5;;0;0;2;CONCYTEC_BOOKS_BR2_SCIENCEDIRECT_03_2019.csv;Institucion;Libro
Microplastic Contamination in Aquatic Environments;Elsevier;; ;978-0-12-813747-5;;0;13;0;CONCYTEC_BOOKS_BR2_SCIENCEDIRECT_03_2019.csv;Institucion;Libro
Microplastic Pollutants;Elsevier;; ;978-0-12-809406-8;;0;12;0;CONCYTEC_BOOKS_BR2_SCIENCEDIRECT_03_2019.csv;Institucion;Libro
Mineral Exploration;Elsevier;; ;978-0-12-416005-7;;0;0;1;CONCYTEC_BOOKS_BR2_SCIENCEDIRECT_03_2019.csv;Institucion;Libro
Molecular Biology Techniques (Fourth Edition);Elsevier;; ;978-0-12-818024-2;;0;0;6;CONCYTEC_BOOKS_BR2_SCIENCEDIRECT_03_2019.csv;Institucion;Libro
Molecular Biology Techniques (Third Edition);Elsevier;; ;978-0-12-385544-2;;0;0;1;CONCYTEC_BOOKS_BR2_SCIENCEDIRECT_03_2019.csv;Institucion;Libro
MOVEMENT DISORDERS 4;Elsevier;; ;978-1-4160-6641-5;1877-184X;0;1;0;CONCYTEC_BOOKS_BR2_SCIENCEDIRECT_03_2019.csv;Institucion;Libro
Multifunctional Agriculture;Elsevier;; ;978-0-12-805356-0;;0;67;0;CONCYTEC_BOOKS_BR2_SCIENCEDIRECT_03_2019.csv;Institucion;Libro
Mycorrhizal Mediation of Soil;Elsevier;; ;978-0-12-804312-7;;0;1;0;CONCYTEC_BOOKS_BR2_SCIENCEDIRECT_03_2019.csv;Institucion;Libro
Nanobiomaterials in Clinical Dentistry;William Andrew Publishing;; ;978-1-4557-3127-5;;2;0;0;CONCYTEC_BOOKS_BR2_SCIENCEDIRECT_03_2019.csv;Institucion;Libro
Nanotechnology Safety;Elsevier;; ;978-0-444-59438-9;;0;0;1;CONCYTEC_BOOKS_BR2_SCIENCEDIRECT_03_2019.csv;Institucion;Libro
Nelson Pediatric Symptom-Based Diagnosis;Elsevier;; ;978-0-323-39956-2;;0;0;3;CONCYTEC_BOOKS_BR2_SCIENCEDIRECT_03_2019.csv;Institucion;Libro
Netter. Gastroenterología;Elsevier;; ;978-84-458-1567-0;;0;0;2;CONCYTEC_BOOKS_BR2_SCIENCEDIRECT_03_2019.csv;Institucion;Libro
Neuroeconomics (Second Edition);Elsevier;; ;978-0-12-416008-8;;6;0;0;CONCYTEC_BOOKS_BR2_SCIENCEDIRECT_03_2019.csv;Institucion;Libro
Neuroergonomics;Elsevier;; ;978-0-12-811926-6;;0;1;1;CONCYTEC_BOOKS_BR2_SCIENCEDIRECT_03_2019.csv;Institucion;Libro
Neurogenetics, Part II;Elsevier;; ;978-0-444-64076-5;0072-9752;0;0;1;CONCYTEC_BOOKS_BR2_SCIENCEDIRECT_03_2019.csv;Institucion;Libro
Neuroimagen. Técnicas y procesos cognitivos;Elsevier;; ;978-84-458-1776-6;;0;4;5;CONCYTEC_BOOKS_BR2_SCIENCEDIRECT_03_2019.csv;Institucion;Libro
Neurología pediátrica clínica  (Quinta Edición);Elsevier;; ;978-84-8174-903-8;;0;0;5;CONCYTEC_BOOKS_BR2_SCIENCEDIRECT_03_2019.csv;Institucion;Libro
Neurological Rehabilitation;Elsevier;; ;978-0-444-52901-5;0072-9752;0;0;1;CONCYTEC_BOOKS_BR2_SCIENCEDIRECT_03_2019.csv;Institucion;Libro
Neuropsicología  (Cuarta Edición);Elsevier;; ;978-84-458-1506-9;;0;4;0;CONCYTEC_BOOKS_BR2_SCIENCEDIRECT_03_2019.csv;Institucion;Libro
New Aspects of Meat Quality;Woodhead Publishing;; ;978-0-08-100593-4;;0;2;0;CONCYTEC_BOOKS_BR2_SCIENCEDIRECT_03_2019.csv;Institucion;Libro
Nonclinical Study Contracting and Monitoring;Elsevier;; ;978-0-12-397829-5;;0;0;1;CONCYTEC_BOOKS_BR2_SCIENCEDIRECT_03_2019.csv;Institucion;Libro
Nonhuman Primates in Biomedical Research (Second Edition), Volume 2;Elsevier;; ;978-0-12-381366-4;;0;2;1;CONCYTEC_BOOKS_BR2_SCIENCEDIRECT_03_2019.csv;Institucion;Libro
Numerical Ecology;Elsevier;; ;978-0-444-53868-0;0167-8892;0;3;0;CONCYTEC_BOOKS_BR2_SCIENCEDIRECT_03_2019.csv;Institucion;Libro
Nutrition in the Prevention and Treatment of Disease (Third Edition);Elsevier;; ;978-0-12-391884-0;;0;0;4;CONCYTEC_BOOKS_BR2_SCIENCEDIRECT_03_2019.csv;Institucion;Libro
Nuts and Seeds in Health and Disease Prevention;Elsevier;; ;978-0-12-375688-6;;0;0;2;CONCYTEC_BOOKS_BR2_SCIENCEDIRECT_03_2019.csv;Institucion;Libro
Obesity Prevention;Elsevier;; ;978-0-12-374387-9;;1;0;0;CONCYTEC_BOOKS_BR2_SCIENCEDIRECT_03_2019.csv;Institucion;Libro
OCEB Certification Guide;Elsevier;; ;978-0-12-386985-2;;0;0;2;CONCYTEC_BOOKS_BR2_SCIENCEDIRECT_03_2019.csv;Institucion;Libro
Olives and Olive Oil in Health and Disease Prevention;Elsevier;; ;978-0-12-374420-3;;9;5;0;CONCYTEC_BOOKS_BR2_SCIENCEDIRECT_03_2019.csv;Institucion;Libro
Omics Technologies and Bio-Engineering;Elsevier;; ;978-0-12-804659-3;;0;0;1;CONCYTEC_BOOKS_BR2_SCIENCEDIRECT_03_2019.csv;Institucion;Libro
Omics Technologies and Bio-Engineering;Elsevier;; ;978-0-12-815870-8;;0;1;0;CONCYTEC_BOOKS_BR2_SCIENCEDIRECT_03_2019.csv;Institucion;Libro
Operations Management in Agriculture;Elsevier;; ;978-0-12-809786-1;;4;0;0;CONCYTEC_BOOKS_BR2_SCIENCEDIRECT_03_2019.csv;Institucion;Libro
Operations Research and The Public Sector;Elsevier;; ;978-0-444-89204-1;0927-0507;0;3;0;CONCYTEC_BOOKS_BR2_SCIENCEDIRECT_03_2019.csv;Institucion;Libro
Optical Fiber Telecommunications (Sixth Edition);Elsevier;; ;978-0-12-396960-6;;40;0;0;CONCYTEC_BOOKS_BR2_SCIENCEDIRECT_03_2019.csv;Institucion;Libro
Optimization;Elsevier;; ;978-0-444-87284-5;0927-0507;0;0;1;CONCYTEC_BOOKS_BR2_SCIENCEDIRECT_03_2019.csv;Institucion;Libro
Organic Farming;Woodhead Publishing;; ;978-0-12-813272-2;;0;1;0;CONCYTEC_BOOKS_BR2_SCIENCEDIRECT_03_2019.csv;Institucion;Libro
Orthodontic Applications of Biomaterials;Woodhead Publishing;; ;978-0-08-100383-1;;1;1;0;CONCYTEC_BOOKS_BR2_SCIENCEDIRECT_03_2019.csv;Institucion;Libro
Orthognathic Surgery;Elsevier;; ;978-1-4557-2698-1;;0;1;0;CONCYTEC_BOOKS_BR2_SCIENCEDIRECT_03_2019.csv;Institucion;Libro
Ortner's Identification of Pathological Conditions in Human Skeletal Remains (Third Edition);Elsevier;; ;978-0-12-809738-0;;0;3;0;CONCYTEC_BOOKS_BR2_SCIENCEDIRECT_03_2019.csv;Institucion;Libro
Ostracoda as Proxies for Quaternary Climate Change;Elsevier;; ;978-0-444-53636-5;1571-0866;36;0;0;CONCYTEC_BOOKS_BR2_SCIENCEDIRECT_03_2019.csv;Institucion;Libro
Oxidative Stability and Shelf Life of Foods Containing Oils and Fats;AOCS Press;; ;978-1-63067-056-6;;0;15;0;CONCYTEC_BOOKS_BR2_SCIENCEDIRECT_03_2019.csv;Institucion;Libro
Pares Craneales. Médula Espinal. Sistema Nervioso Periférico;Elsevier;; ;978-84-458-2038-4;;0;0;2;CONCYTEC_BOOKS_BR2_SCIENCEDIRECT_03_2019.csv;Institucion;Libro
Pathology and Intervention in Musculoskeletal Rehabilitation (Second Edition);Elsevier;; ;978-0-323-31072-7;;0;0;6;CONCYTEC_BOOKS_BR2_SCIENCEDIRECT_03_2019.csv;Institucion;Libro
Pediatría. Secretos  (Cuarta Edición);Elsevier;; ;978-84-8174-888-8;;0;0;1;CONCYTEC_BOOKS_BR2_SCIENCEDIRECT_03_2019.csv;Institucion;Libro
Pediatric Dentistry (Sixth Edition);Content Repository Only!;; ;978-0-323-60826-8;;0;2;0;CONCYTEC_BOOKS_BR2_SCIENCEDIRECT_03_2019.csv;Institucion;Libro
Pediatric Neurology Part I;Elsevier;; ;978-0-444-52891-9;0072-9752;0;0;3;CONCYTEC_BOOKS_BR2_SCIENCEDIRECT_03_2019.csv;Institucion;Libro
Pediatric Secrets (Fifth Edition);Elsevier;; ;978-0-323-06561-0;;0;0;2;CONCYTEC_BOOKS_BR2_SCIENCEDIRECT_03_2019.csv;Institucion;Libro
Pediatric Surgery (Seventh Edition);Elsevier;; ;978-0-323-07255-7;;0;1;0;CONCYTEC_BOOKS_BR2_SCIENCEDIRECT_03_2019.csv;Institucion;Libro
Peripheral Nerve Disorders;Elsevier;; ;978-0-444-52902-2;0072-9752;0;0;3;CONCYTEC_BOOKS_BR2_SCIENCEDIRECT_03_2019.csv;Institucion;Libro
Pesticide Biotransformation and Disposition;Elsevier;; ;978-0-12-385481-0;;0;20;0;CONCYTEC_BOOKS_BR2_SCIENCEDIRECT_03_2019.csv;Institucion;Libro
PGPR Amelioration in Sustainable Agriculture;Woodhead Publishing;; ;978-0-12-815879-1;;0;17;0;CONCYTEC_BOOKS_BR2_SCIENCEDIRECT_03_2019.csv;Institucion;Libro
Phase Equilibrium Engineering;Elsevier;; ;978-0-444-56364-4;2212-0505;0;1;0;CONCYTEC_BOOKS_BR2_SCIENCEDIRECT_03_2019.csv;Institucion;Libro
Philosophy of Statistics;Elsevier;; ;978-0-444-51862-0;;0;1;0;CONCYTEC_BOOKS_BR2_SCIENCEDIRECT_03_2019.csv;Institucion;Libro
Physiology of the Cladocera (Second Edition);Elsevier;; ;978-0-12-805194-8;;100;0;0;CONCYTEC_BOOKS_BR2_SCIENCEDIRECT_03_2019.csv;Institucion;Libro
Phytomanagement of Polluted Sites;Elsevier;; ;978-0-12-813912-7;;0;22;0;CONCYTEC_BOOKS_BR2_SCIENCEDIRECT_03_2019.csv;Institucion;Libro
Pipeline Planning and Construction Field Manual;Elsevier;; ;978-0-12-383867-4;;0;30;0;CONCYTEC_BOOKS_BR2_SCIENCEDIRECT_03_2019.csv;Institucion;Libro
Plant Virology (Fifth Edition);Elsevier;; ;978-0-12-384871-0;;0;0;61;CONCYTEC_BOOKS_BR2_SCIENCEDIRECT_03_2019.csv;Institucion;Libro
Polyphenols in Human Health and Disease;Elsevier;; ;978-0-12-398456-2;;1;0;2;CONCYTEC_BOOKS_BR2_SCIENCEDIRECT_03_2019.csv;Institucion;Libro
Postharvest Physiology and Biochemistry of Fruits and Vegetables;Woodhead Publishing;; ;978-0-12-813278-4;;0;3;0;CONCYTEC_BOOKS_BR2_SCIENCEDIRECT_03_2019.csv;Institucion;Libro
Poultry Quality Evaluation;Woodhead Publishing;; ;978-0-08-100763-1;;0;6;0;CONCYTEC_BOOKS_BR2_SCIENCEDIRECT_03_2019.csv;Institucion;Libro
Power System Energy Storage Technologies;Elsevier;; ;978-0-12-812902-9;;0;1;0;CONCYTEC_BOOKS_BR2_SCIENCEDIRECT_03_2019.csv;Institucion;Libro
Practical Management of Pain (Fifth Edition);Elsevier;; ;978-0-323-08340-9;;0;0;84;CONCYTEC_BOOKS_BR2_SCIENCEDIRECT_03_2019.csv;Institucion;Libro
Preharvest Modulation of Postharvest Fruit and Vegetable Quality;Elsevier;; ;978-0-12-809807-3;;0;0;1;CONCYTEC_BOOKS_BR2_SCIENCEDIRECT_03_2019.csv;Institucion;Libro
Primer on the Autonomic Nervous System (Third Edition);Elsevier;; ;978-0-12-386525-0;;0;0;4;CONCYTEC_BOOKS_BR2_SCIENCEDIRECT_03_2019.csv;Institucion;Libro
Principles and Practice of Movement Disorders (Second Edition);Elsevier;; ;978-1-4377-2369-4;;0;0;2;CONCYTEC_BOOKS_BR2_SCIENCEDIRECT_03_2019.csv;Institucion;Libro
Principles and Practice of Pediatric Infectious Diseases (Fifth Edition);Elsevier;; ;978-0-323-40181-4;;0;0;1;CONCYTEC_BOOKS_BR2_SCIENCEDIRECT_03_2019.csv;Institucion;Libro
Principles of Addiction;Elsevier;; ;978-0-12-398336-7;;0;0;92;CONCYTEC_BOOKS_BR2_SCIENCEDIRECT_03_2019.csv;Institucion;Libro
Principles of Addictions and the Law;Elsevier;; ;978-0-12-496736-6;;0;0;2;CONCYTEC_BOOKS_BR2_SCIENCEDIRECT_03_2019.csv;Institucion;Libro
Principles of Environmental Physics (Fourth Edition);Elsevier;; ;978-0-12-386910-4;;0;21;0;CONCYTEC_BOOKS_BR2_SCIENCEDIRECT_03_2019.csv;Institucion;Libro
Principles of Neurological Surgery (Third Edition);Elsevier;; ;978-1-4377-0701-4;;0;0;2;CONCYTEC_BOOKS_BR2_SCIENCEDIRECT_03_2019.csv;Institucion;Libro
Principles of Tissue Engineering (Fourth Edition);Elsevier;; ;978-0-12-398358-9;;0;0;1;CONCYTEC_BOOKS_BR2_SCIENCEDIRECT_03_2019.csv;Institucion;Libro
Proceedings of the 3rd International Gas Processing Symposium;Elsevier;; ;978-0-444-59496-9;;0;0;1;CONCYTEC_BOOKS_BR2_SCIENCEDIRECT_03_2019.csv;Institucion;Libro
Product Performance Evaluation using CAD/CAE;Elsevier;; ;978-0-12-398460-9;;0;0;1;CONCYTEC_BOOKS_BR2_SCIENCEDIRECT_03_2019.csv;Institucion;Libro
Protein Bioinformatics;Elsevier;; ;978-8-1312-2297-3;;0;0;1;CONCYTEC_BOOKS_BR2_SCIENCEDIRECT_03_2019.csv;Institucion;Libro
Proteins in Food Processing (Second Edition);Woodhead Publishing;; ;978-0-08-100722-8;;0;1;0;CONCYTEC_BOOKS_BR2_SCIENCEDIRECT_03_2019.csv;Institucion;Libro
Psychometrics and Psychological Assessment;Elsevier;; ;978-0-12-802219-1;;0;2;0;CONCYTEC_BOOKS_BR2_SCIENCEDIRECT_03_2019.csv;Institucion;Libro
Publicación Científica Biomédica;Elsevier;; ;978-84-8086-461-9;;0;1;50;CONCYTEC_BOOKS_BR2_SCIENCEDIRECT_03_2019.csv;Institucion;Libro
Quality Management in Forensic Science;Elsevier;; ;978-0-12-805416-1;;0;1;0;CONCYTEC_BOOKS_BR2_SCIENCEDIRECT_03_2019.csv;Institucion;Libro
Quest for the Cure;Elsevier;; ;978-0-12-420153-8;;0;1;0;CONCYTEC_BOOKS_BR2_SCIENCEDIRECT_03_2019.csv;Institucion;Libro
Radiochemistry and Nuclear Chemistry (Fourth Edition);Elsevier;; ;978-0-12-405897-2;;0;1;0;CONCYTEC_BOOKS_BR2_SCIENCEDIRECT_03_2019.csv;Institucion;Libro
Radiology Secrets Plus (Third Edition);Elsevier;; ;978-0-323-06794-2;;0;0;4;CONCYTEC_BOOKS_BR2_SCIENCEDIRECT_03_2019.csv;Institucion;Libro
Reconstructive Foot and Ankle Surgery (Second Edition);Elsevier;; ;978-1-4377-0923-0;;0;0;2;CONCYTEC_BOOKS_BR2_SCIENCEDIRECT_03_2019.csv;Institucion;Libro
Reliability, Maintainability and Risk (Eighth Edition);Elsevier;; ;978-0-08-096902-2;;0;0;1;CONCYTEC_BOOKS_BR2_SCIENCEDIRECT_03_2019.csv;Institucion;Libro
Remote Sensing of Aerosols, Clouds, and Precipitation;Elsevier;; ;978-0-12-810437-8;;0;15;0;CONCYTEC_BOOKS_BR2_SCIENCEDIRECT_03_2019.csv;Institucion;Libro
Reproductive Biology of Bats;Elsevier;; ;978-0-12-195670-7;;0;2;0;CONCYTEC_BOOKS_BR2_SCIENCEDIRECT_03_2019.csv;Institucion;Libro
Research Approaches to Sustainable Biomass Systems;Elsevier;; ;978-0-12-404609-2;;0;2;0;CONCYTEC_BOOKS_BR2_SCIENCEDIRECT_03_2019.csv;Institucion;Libro
Resilience;Elsevier;; ;978-0-12-811891-7;;0;27;0;CONCYTEC_BOOKS_BR2_SCIENCEDIRECT_03_2019.csv;Institucion;Libro
Resilience Imperative;Elsevier;; ;978-1-78548-051-5;;0;13;0;CONCYTEC_BOOKS_BR2_SCIENCEDIRECT_03_2019.csv;Institucion;Libro
Retinal Pharmacotherapy;Elsevier;; ;978-1-4377-0603-1;;0;0;1;CONCYTEC_BOOKS_BR2_SCIENCEDIRECT_03_2019.csv;Institucion;Libro
RNA Methodologies (Fourth Edition);Elsevier;; ;978-0-12-374727-3;;1;0;47;CONCYTEC_BOOKS_BR2_SCIENCEDIRECT_03_2019.csv;Institucion;Libro
Role of the Mediterranean Diet in the Brain and Neurodegenerative Diseases;Elsevier;; ;978-0-12-811959-4;;0;1;0;CONCYTEC_BOOKS_BR2_SCIENCEDIRECT_03_2019.csv;Institucion;Libro
Scallops;Elsevier;; ;978-0-444-62710-0;0167-9309;18;3;2;CONCYTEC_BOOKS_BR2_SCIENCEDIRECT_03_2019.csv;Institucion;Libro
Science and the Global Environment;Elsevier;; ;978-0-12-801712-8;;0;7;0;CONCYTEC_BOOKS_BR2_SCIENCEDIRECT_03_2019.csv;Institucion;Libro
Sea Urchins: Biology and Ecology;Elsevier;; ;978-0-12-396491-5;0167-9309;5;36;0;CONCYTEC_BOOKS_BR2_SCIENCEDIRECT_03_2019.csv;Institucion;Libro
Seldin and Giebisch's The Kidney (Fifth Edition);Elsevier;; ;978-0-12-381462-3;;0;0;1;CONCYTEC_BOOKS_BR2_SCIENCEDIRECT_03_2019.csv;Institucion;Libro
Sexual Biology and Reproduction in Crustaceans;Elsevier;; ;978-0-12-809337-5;;0;0;9;CONCYTEC_BOOKS_BR2_SCIENCEDIRECT_03_2019.csv;Institucion;Libro
Shale Oil and Gas Handbook;Elsevier;; ;978-0-12-802100-2;;0;0;1;CONCYTEC_BOOKS_BR2_SCIENCEDIRECT_03_2019.csv;Institucion;Libro
Shale Oil Production Processes;Elsevier;; ;978-0-12-401721-4;;0;0;20;CONCYTEC_BOOKS_BR2_SCIENCEDIRECT_03_2019.csv;Institucion;Libro
Ship Hydrostatics and Stability (Second Edition);Elsevier;; ;978-0-08-098287-8;;4;0;0;CONCYTEC_BOOKS_BR2_SCIENCEDIRECT_03_2019.csv;Institucion;Libro
Sketching User Experiences: The Workbook;Elsevier;; ;978-0-12-381959-8;;0;0;6;CONCYTEC_BOOKS_BR2_SCIENCEDIRECT_03_2019.csv;Institucion;Libro
Small Animal Dermatology (Fourth Edition);Elsevier;; ;978-0-323-37651-8;;0;0;1;CONCYTEC_BOOKS_BR2_SCIENCEDIRECT_03_2019.csv;Institucion;Libro
Small Animal Toxicology (Third Edition);Elsevier;; ;978-1-4557-0717-1;;0;0;3;CONCYTEC_BOOKS_BR2_SCIENCEDIRECT_03_2019.csv;Institucion;Libro
Soft Chemistry and Food Fermentation;Elsevier;; ;978-0-12-811412-4;;0;1;0;CONCYTEC_BOOKS_BR2_SCIENCEDIRECT_03_2019.csv;Institucion;Libro
Soil Carbon Storage;Elsevier;; ;978-0-12-812766-7;;0;9;0;CONCYTEC_BOOKS_BR2_SCIENCEDIRECT_03_2019.csv;Institucion;Libro
Soil Management and Climate Change;Elsevier;; ;978-0-12-812128-3;;0;24;0;CONCYTEC_BOOKS_BR2_SCIENCEDIRECT_03_2019.csv;Institucion;Libro
Soil Mapping and Process Modeling for Sustainable Land Use Management;Elsevier;; ;978-0-12-805200-6;;0;12;0;CONCYTEC_BOOKS_BR2_SCIENCEDIRECT_03_2019.csv;Institucion;Libro
Soil Pollution;Elsevier;; ;978-0-12-849873-6;;0;10;0;CONCYTEC_BOOKS_BR2_SCIENCEDIRECT_03_2019.csv;Institucion;Libro
Solar Energy Engineering (Second Edition);Elsevier;; ;978-0-12-397270-5;;0;0;21;CONCYTEC_BOOKS_BR2_SCIENCEDIRECT_03_2019.csv;Institucion;Libro
Solar Energy Forecasting and Resource Assessment;Elsevier;; ;978-0-12-397177-7;;0;1;0;CONCYTEC_BOOKS_BR2_SCIENCEDIRECT_03_2019.csv;Institucion;Libro
Space Safety and Human Performance;Elsevier;; ;978-0-08-101869-9;;0;1;0;CONCYTEC_BOOKS_BR2_SCIENCEDIRECT_03_2019.csv;Institucion;Libro
Sprouted Grains;AACC International Press;; ;978-0-12-811525-1;;0;0;10;CONCYTEC_BOOKS_BR2_SCIENCEDIRECT_03_2019.csv;Institucion;Libro
Stock Identification Methods (Second Edition);Elsevier;; ;978-0-12-397003-9;;68;22;0;CONCYTEC_BOOKS_BR2_SCIENCEDIRECT_03_2019.csv;Institucion;Libro
Stream Ecosystems in a Changing Environment;Elsevier;; ;978-0-12-405890-3;;0;13;0;CONCYTEC_BOOKS_BR2_SCIENCEDIRECT_03_2019.csv;Institucion;Libro
Studies in Natural Products Chemistry;Elsevier;; ;978-0-444-59514-0;1572-5995;0;1;0;CONCYTEC_BOOKS_BR2_SCIENCEDIRECT_03_2019.csv;Institucion;Libro
Successful Fundraising for the Academic Library;Chandos Publishing;; ;978-0-08-101130-0;;0;1;0;CONCYTEC_BOOKS_BR2_SCIENCEDIRECT_03_2019.csv;Institucion;Libro
Supercritical Fluid Chromatography;Elsevier;; ;978-0-12-809207-1;;0;0;18;CONCYTEC_BOOKS_BR2_SCIENCEDIRECT_03_2019.csv;Institucion;Libro
Supercritical Fluids and Organometallic Compounds;Elsevier;; ;978-0-08-045329-3;2212-0505;0;2;0;CONCYTEC_BOOKS_BR2_SCIENCEDIRECT_03_2019.csv;Institucion;Libro
Sustainability Assessment;Elsevier;; ;978-0-12-407196-4;;0;14;0;CONCYTEC_BOOKS_BR2_SCIENCEDIRECT_03_2019.csv;Institucion;Libro
Sustainable Management of Arthropod Pests of Tomato;Elsevier;; ;978-0-12-802441-6;;0;38;0;CONCYTEC_BOOKS_BR2_SCIENCEDIRECT_03_2019.csv;Institucion;Libro
Sustainable Protein Sources;Elsevier;; ;978-0-12-802778-3;;0;1;2;CONCYTEC_BOOKS_BR2_SCIENCEDIRECT_03_2019.csv;Institucion;Libro
Swainson's Handbook of Technical and Quality Management for the Food Manufacturing Sector;Woodhead Publishing;; ;978-1-78242-275-4;;0;2;0;CONCYTEC_BOOKS_BR2_SCIENCEDIRECT_03_2019.csv;Institucion;Libro
Systemic Lupus Erythematosus (Fifth Edition);Elsevier;; ;978-0-12-374994-9;;0;1;0;CONCYTEC_BOOKS_BR2_SCIENCEDIRECT_03_2019.csv;Institucion;Libro
Systems Thinking (Third Edition);Elsevier;; ;978-0-12-385915-0;;0;1;0;CONCYTEC_BOOKS_BR2_SCIENCEDIRECT_03_2019.csv;Institucion;Libro
Técnicas y Métodos de Laboratorio Clínico  (Tercera Edición);Elsevier;; ;978-84-458-2029-2;;0;4;0;CONCYTEC_BOOKS_BR2_SCIENCEDIRECT_03_2019.csv;Institucion;Libro
Textbook of Rabbit Medicine (Second Edition);Elsevier;; ;978-0-7020-4979-8;;0;0;5;CONCYTEC_BOOKS_BR2_SCIENCEDIRECT_03_2019.csv;Institucion;Libro
The Application of Green Solvents in Separation Processes;Elsevier;; ;978-0-12-805297-6;;0;0;1;CONCYTEC_BOOKS_BR2_SCIENCEDIRECT_03_2019.csv;Institucion;Libro
The Autoimmune Diseases (Fifth Edition);Elsevier;; ;978-0-12-384929-8;;0;3;0;CONCYTEC_BOOKS_BR2_SCIENCEDIRECT_03_2019.csv;Institucion;Libro
The Coconut;Elsevier;; ;978-0-12-809778-6;;0;0;1;CONCYTEC_BOOKS_BR2_SCIENCEDIRECT_03_2019.csv;Institucion;Libro
The Elements of Polymer Science & Engineering (Third Edition);Elsevier;; ;978-0-12-382178-2;;0;0;4;CONCYTEC_BOOKS_BR2_SCIENCEDIRECT_03_2019.csv;Institucion;Libro
The Handbook of the Economics of Corporate Governance;Elsevier;; ;978-0-444-63530-3;2405-4380;0;0;1;CONCYTEC_BOOKS_BR2_SCIENCEDIRECT_03_2019.csv;Institucion;Libro
The History of Alternative Test Methods in Toxicology;Elsevier;; ;978-0-12-813697-3;;0;1;0;CONCYTEC_BOOKS_BR2_SCIENCEDIRECT_03_2019.csv;Institucion;Libro
The Laboratory Mouse (Second Edition);Elsevier;; ;978-0-12-382008-2;;0;0;19;CONCYTEC_BOOKS_BR2_SCIENCEDIRECT_03_2019.csv;Institucion;Libro
The Laboratory Rabbit, Guinea Pig, Hamster, and Other Rodents;Elsevier;; ;978-0-12-380920-9;;3;1;1;CONCYTEC_BOOKS_BR2_SCIENCEDIRECT_03_2019.csv;Institucion;Libro
The Mouse Nervous System;Elsevier;; ;978-0-12-369497-3;;0;0;1;CONCYTEC_BOOKS_BR2_SCIENCEDIRECT_03_2019.csv;Institucion;Libro
The Neurology of HIV Infection;Elsevier;; ;978-0-444-63849-6;0072-9752;0;4;1;CONCYTEC_BOOKS_BR2_SCIENCEDIRECT_03_2019.csv;Institucion;Libro
The Psychology of Criminal and Antisocial Behavior;Elsevier;; ;978-0-12-809287-3;;0;0;2;CONCYTEC_BOOKS_BR2_SCIENCEDIRECT_03_2019.csv;Institucion;Libro
The Repo Handbook (Second Edition);Elsevier;; ;978-0-7506-8159-9;;0;1;0;CONCYTEC_BOOKS_BR2_SCIENCEDIRECT_03_2019.csv;Institucion;Libro
The Role of Functional Food Security in Global Health;Elsevier;; ;978-0-12-813148-0;;0;1;1;CONCYTEC_BOOKS_BR2_SCIENCEDIRECT_03_2019.csv;Institucion;Libro
The Science of Animal Growth and Meat Technology (Second Edition);Elsevier;; ;978-0-12-815277-5;;0;2;0;CONCYTEC_BOOKS_BR2_SCIENCEDIRECT_03_2019.csv;Institucion;Libro
The Yeasts (Fifth Edition);Elsevier;; ;978-0-444-52149-1;;0;6;0;CONCYTEC_BOOKS_BR2_SCIENCEDIRECT_03_2019.csv;Institucion;Libro
Thompson & Thompson. Genética en medicina  (Séptima Edición);Elsevier;; ;978-84-458-1870-1;;0;0;23;CONCYTEC_BOOKS_BR2_SCIENCEDIRECT_03_2019.csv;Institucion;Libro
Thorp and Covich's Freshwater Invertebrates (Fourth Edition);Elsevier;; ;978-0-12-385028-7;;0;0;1;CONCYTEC_BOOKS_BR2_SCIENCEDIRECT_03_2019.csv;Institucion;Libro
Thorp and Covich's Freshwater Invertebrates (Fourth Edition);Elsevier;; ;978-0-12-804223-6;;1;0;0;CONCYTEC_BOOKS_BR2_SCIENCEDIRECT_03_2019.csv;Institucion;Libro
Tidy's Physiotherapy (Fifteenth Edition);Elsevier;; ;978-0-7020-4344-4;;0;0;1;CONCYTEC_BOOKS_BR2_SCIENCEDIRECT_03_2019.csv;Institucion;Libro
Tire and Vehicle Dynamics (Third Edition);Elsevier;; ;978-0-08-097016-5;;0;0;18;CONCYTEC_BOOKS_BR2_SCIENCEDIRECT_03_2019.csv;Institucion;Libro
Toma de Decisiones en el Tratamiento del Dolor  (Segunda Edición);Elsevier;; ;978-84-8086-231-8;;0;1;0;CONCYTEC_BOOKS_BR2_SCIENCEDIRECT_03_2019.csv;Institucion;Libro
Tomato Diseases (Second Edition);Elsevier;; ;978-0-12-387737-6;;0;5;0;CONCYTEC_BOOKS_BR2_SCIENCEDIRECT_03_2019.csv;Institucion;Libro
Topological Insulators;Elsevier;; ;978-0-444-63314-9;1572-0934;0;2;0;CONCYTEC_BOOKS_BR2_SCIENCEDIRECT_03_2019.csv;Institucion;Libro
Toxina Botulínica  (Segunda Edición);Elsevier;; ;978-84-458-2022-3;;0;0;1;CONCYTEC_BOOKS_BR2_SCIENCEDIRECT_03_2019.csv;Institucion;Libro
Toxoplasma Gondii (Second Edition);Elsevier;; ;978-0-12-396481-6;;0;0;1;CONCYTEC_BOOKS_BR2_SCIENCEDIRECT_03_2019.csv;Institucion;Libro
Transformative Paleobotany;Elsevier;; ;978-0-12-813012-4;;0;7;0;CONCYTEC_BOOKS_BR2_SCIENCEDIRECT_03_2019.csv;Institucion;Libro
Tratamiento integral de las quemaduras   (Tercera Edición);Elsevier;; ;978-84-458-1938-8;;0;1;3;CONCYTEC_BOOKS_BR2_SCIENCEDIRECT_03_2019.csv;Institucion;Libro
Tratamiento Quirúrgico de la Obesidad;Elsevier;; ;978-84-8086-428-2;;3;0;0;CONCYTEC_BOOKS_BR2_SCIENCEDIRECT_03_2019.csv;Institucion;Libro
Treatise on Process Metallurgy: Industrial Processes;Elsevier;; ;978-0-08-096988-6;;0;0;1;CONCYTEC_BOOKS_BR2_SCIENCEDIRECT_03_2019.csv;Institucion;Libro
Tropical Extremes;Elsevier;; ;978-0-12-809248-4;;0;0;7;CONCYTEC_BOOKS_BR2_SCIENCEDIRECT_03_2019.csv;Institucion;Libro
Ultrasound;Elsevier;; ;978-0-12-804581-7;;0;0;19;CONCYTEC_BOOKS_BR2_SCIENCEDIRECT_03_2019.csv;Institucion;Libro
Understanding Augmented Reality;Elsevier;; ;978-0-240-82408-6;;0;3;0;CONCYTEC_BOOKS_BR2_SCIENCEDIRECT_03_2019.csv;Institucion;Libro
User Experience Management;Elsevier;; ;978-0-12-385496-4;;0;0;1;CONCYTEC_BOOKS_BR2_SCIENCEDIRECT_03_2019.csv;Institucion;Libro
Vascular Medicine: A Companion to Braunwald's Heart Disease (Second Edition);Elsevier;; ;978-1-4377-2930-6;;0;0;1;CONCYTEC_BOOKS_BR2_SCIENCEDIRECT_03_2019.csv;Institucion;Libro
Vegetarian and Plant-Based Diets in Health and Disease Prevention;Elsevier;; ;978-0-12-803968-7;;0;1;0;CONCYTEC_BOOKS_BR2_SCIENCEDIRECT_03_2019.csv;Institucion;Libro
Veterinary Medicine (Eleventh Edition);Elsevier;; ;978-0-7020-5246-0;;4;0;0;CONCYTEC_BOOKS_BR2_SCIENCEDIRECT_03_2019.csv;Institucion;Libro
Virus Taxonomy: Eighth Report of the International Committee on Taxonomy of Viruses;Elsevier;; ;978-0-12-249951-7;;0;0;17;CONCYTEC_BOOKS_BR2_SCIENCEDIRECT_03_2019.csv;Institucion;Libro
Virus Taxonomy: Ninth Report of the International Committee on Taxonomy of Viruses;Elsevier;; ;978-0-12-384684-6;;0;0;2;CONCYTEC_BOOKS_BR2_SCIENCEDIRECT_03_2019.csv;Institucion;Libro
Wall y Melzack. Tratado del Dolor  (Quinta Edición);Elsevier;; ;978-84-8174-949-6;;1;0;178;CONCYTEC_BOOKS_BR2_SCIENCEDIRECT_03_2019.csv;Institucion;Libro
Waste;Elsevier;; ;978-0-12-381475-3;;0;2;0;CONCYTEC_BOOKS_BR2_SCIENCEDIRECT_03_2019.csv;Institucion;Libro
Waste Biorefinery;Elsevier;; ;978-0-444-63992-9;;0;0;2;CONCYTEC_BOOKS_BR2_SCIENCEDIRECT_03_2019.csv;Institucion;Libro
Waste-to-Energy (Second Edition);William Andrew Publishing;; ;978-1-4377-7871-7;;0;1;0;CONCYTEC_BOOKS_BR2_SCIENCEDIRECT_03_2019.csv;Institucion;Libro
Water for the Environment;Elsevier;; ;978-0-12-803907-6;;77;72;0;CONCYTEC_BOOKS_BR2_SCIENCEDIRECT_03_2019.csv;Institucion;Libro
Water Policy Science and Politics;Elsevier;; ;978-0-12-814903-4;;0;17;0;CONCYTEC_BOOKS_BR2_SCIENCEDIRECT_03_2019.csv;Institucion;Libro
Withrow and MacEwen's Small Animal Clinical Oncology (Fifth Edition);Elsevier;; ;978-1-4377-2362-5;;0;1;0;CONCYTEC_BOOKS_BR2_SCIENCEDIRECT_03_2019.csv;Institucion;Libro
Women and Health (Second Edition);Elsevier;; ;978-0-12-384978-6;;0;1;2;CONCYTEC_BOOKS_BR2_SCIENCEDIRECT_03_2019.csv;Institucion;Libro
Working with Dynamic Crop Models (Third Edition);Elsevier;; ;978-0-12-811756-9;;0;0;1;CONCYTEC_BOOKS_BR2_SCIENCEDIRECT_03_2019.csv;Institucion;Libro
Workplace Violence;Elsevier;; ;978-1-85617-698-9;;0;0;59;CONCYTEC_BOOKS_BR2_SCIENCEDIRECT_03_2019.csv;Institucion;Libro
World Seas: An Environmental Evaluation;Elsevier;; ;978-0-12-805052-1;;0;0;33;CONCYTEC_BOOKS_BR2_SCIENCEDIRECT_03_2019.csv;Institucion;Libro
Yogurt in Health and Disease Prevention;Elsevier;; ;978-0-12-805134-4;;0;2;0;CONCYTEC_BOOKS_BR2_SCIENCEDIRECT_03_2019.csv;Institucion;Libro
